facebook,ceo,mark,zuckerberg
[,if,lte,ie
file,name,suggestions,x
],end,id,[
50,million,facebook,users
chief,executive,mark,zuckerberg
],public,10,transitionalen
],begin,id,[
],[,if,lte
us,president,donald,trump
class,class,class,class
data,50,million,users
block,file,name,suggestions
general,data,protection,regulation
if,lte,ie,6
cambridge,analytica,cambridge,analytica
data,firm,cambridge,analytica
political,consultancy,cambridge,analytica
chief,executive,alexander,nix
facebook,founder,mark,zuckerberg
lte,ie,6,]
region,file,name,suggestions
name,suggestions,x,regiontwig
us,president,donald,trumps
consulting,firm,cambridge,analytica
suggestions,x,regiontwig,block
x,regiontwig,block,file
regiontwig,block,file,name
87,million,facebook,users
donald,trumps,presidential,campaign
south,china,morning,post
facebook,chief,executive,mark
us,federal,trade,commission
],class,is-ie,9
class,is-ie,9,class
is-ie,9,class,is-ie
9,class,is-ie,[
analytics,firm,cambridge,analytica
if,lte,ie,9
political,consulting,firm,cambridge
prefixoghttpogpmens,fb,versionhtmlrdfa,11
cambridge,analytica,data,scandal
class,lt-ie7,class,class
edge,malaysia,author,author
malaysia,author,author,lucas
author,author,lucas,wong
author,lucas,wong,category
lucas,wong,category,category
wong,category,category,corporate
category,category,corporate,hot
category,corporate,hot,stock
corporate,hot,stock,combine
hot,stock,combine,search
stock,combine,search,high
combine,search,high,speed
search,high,speed,rail
high,speed,rail,author
speed,rail,author,bhattacharjee
rail,author,bhattacharjee,category
author,bhattacharjee,category,edge
bhattacharjee,category,edge,02
category,edge,02,june
edge,02,june,2018
02,june,2018,saturday
terms,service,privacy,policy
chief,operating,officer,sheryl
operating,officer,sheryl,sandberg
[,php,],[
president,donald,trumps,2016
times,reporter,nirmal,ghosh
minister,ravi,shankar,prasad
data,analytics,firm,cambridge
name,suggestions,x,blocktwig
],class,lt-ie7,class
ie,6,],class
6,],class,lt-ie7
php,],[,daily
],[,daily,]
[,daily,],[
daily,],[,views
id,[,43081,]
id,[,44071,]
id,[,44073,]
id,[,44075,]
id,[,44408,]
id,[,44410,]
[,44410,],end
cambridge,analytica,data,breach
data,50,million,facebook
three,col,change,goes
donald,trumps,2016,campaign
donald,trumps,election,campaign
lt-ie7,class,class,[
if,lte,ie,7
],class,lt-ie7,dirltr
data,protection,regulation,gdpr
crosswords,facebook,twitter,jobs
special,counsel,robert,mueller
if,lte,ie,8
news,group,newspapers,limited
digital,culture,media,sport
chief,executive,officer,mark
executive,officer,mark,zuckerberg
afp,news,associated,press
rara,deploy,mode,deploy
lte,ie,7,]
2016,us,presidential,election
lte,ie,9,]
[,if,gt,ie
googleon,index,googleoff,index
information,50,million,facebook
cant,dont,deserve,serve
information,commissioner,elizabeth,denham
terms,conditions,privacy,policy
lt-ie7,dirltr,iemobile,class
global,science,research,gsr
chief,technology,officer,mike
facebook,chief,mark,zuckerberg
personal,data,50,million
company,global,science,research
consumer,specials,epaper,home
terms,use,privacy,policy
deploy,mode,deploy,uid
store,weatherzone,rsvp,adzuna
weatherzone,rsvp,adzuna,advertisement
googleon,index,end,content
xmlns,prefix,langen-us,class
worlds,largest,social,media
50,million,facebook,profiles
former,cambridge,analytica,employee
class,lt-ie7,dirltr,iemobile
dirltr,iemobile,class,dirltr
iemobile,class,dirltr,class
class,dirltr,class,dirltr
ceo,mark,zuckerberg,testify
technology,officer,mike,schroepfer
mark,zuckerberg,cambridge,analytica
womens,asia,cup,t20
asia,cup,t20,2018
britains,channel,4,news
-,bbc,news,local
bbc,news,local,tomorrow
news,local,tomorrow,9
classie7,lte8,lte9,langen-au
lte8,lte9,langen-au,classie8
lte9,langen-au,classie8,lte8
langen-au,classie8,lte8,lte9
classie8,lte8,lte9,langen-au
lte8,lte9,langen-au,9
lte9,langen-au,9,classie9
langen-au,9,classie9,lte9
9,classie9,lte9,langen-au
classie9,lte9,langen-au,desktop
associated,press,afp,news
cambridge,analyticas,parent,company
prime,minister,narendra,modi
contact,us,advertise,us
local,tomorrow,9,bbc
tomorrow,9,bbc,news
9,bbc,news,navigation
2018,features,atlantic,9
features,atlantic,9,capital
atlantic,9,capital,records
9,capital,records,revisit
capital,records,revisit,londons
records,revisit,londons,iconic
revisit,londons,iconic,album
londons,iconic,album,cover
iconic,album,cover,images
album,cover,images,9
cover,images,9,endif
images,9,endif,week
9,endif,week,9
endif,week,9,ramadan
week,9,ramadan,shame
9,ramadan,shame,9
ramadan,shame,9,[
ie,7,],classie7
7,],classie7,lte8
],classie7,lte8,lte9
sites,ie,browser,support
ie,browser,support,[
cambridge,analytica,used,data
prefix,profile,class,prefix
profile,class,prefix,profile
donald,trumps,2016,presidential
apple,ceo,tim,cook
afp,news,afp,news
military,defense,law,order
information,50,million,users
2,jun,2018,440pm
nielsen,online,sitecensus,v60
newsroom,script,end,newsroom
script,end,newsroom,script
end,newsroom,script,mobile
newsroom,script,mobile,9
law,minister,ravi,shankar
-,express,tribune,[
express,tribune,[,if
tribune,[,if,lte
find,popular,stories,reserved
popular,stories,reserved,[
whatsapp,co-founder,brian,acton
suspended,ceo,alexander,nix
yahoo,news,singapore,guardian
0,comments,div,classfull-width
comments,div,classfull-width,250
div,classfull-width,250,script
classfull-width,250,script,languagejavascript
250,script,languagejavascript,var
script,languagejavascript,var,zflagnid1528
languagejavascript,var,zflagnid1528,var
var,zflagnid1528,var,zflagcid3639
zflagnid1528,var,zflagcid3639,var
var,zflagcid3639,var,zflagsid631
zflagcid3639,var,zflagsid631,var
var,zflagsid631,var,zflagwidth300
zflagsid631,var,zflagwidth300,var
var,zflagwidth300,var,zflagheight250
zflagwidth300,var,zflagheight250,var
var,zflagheight250,var,zflagsz9
zflagheight250,var,zflagsz9,var
var,zflagsz9,var,zflagclick
zflagsz9,var,zflagclick,[
var,zflagclick,[,]
zflagclick,[,],[
trumps,2016,presidential,campaign
privacy,policy,terms,conditions
education,personal,finance,small
personal,finance,small,business
advertising,retail,small,business
id,site,footer,site
settings,marys,bay,abode
ist,womens,asia,cup
privacy,policy,cookie,policy
ceo,mark,zuckerberg,says
data,breach,cambridge,analytica
information,millions,facebook,users
president,donald,trumps,election
langen-us,prefixog,httpogpmens,[
],public,10,stricten
langen-us,xmlnsog,xmlnsfb,class
social,media,giant,facebook
used,near,white,house
president,donald,trump,2016
associated,press,associated,press
cambridge,analytica,scandal,facebook
fb,versionhtmlrdfa,11,class
versionhtmlrdfa,11,class,prefixoghttpogpmens
11,class,prefixoghttpogpmens,fb
class,prefixoghttpogpmens,fb,versionhtmlrdfa
google,optimize,page,hiding
optimize,page,hiding,snippet
2018,bloomberg,lp,placeholder
site,footer,site,map
ad,subscriptions,faqs,today
subscriptions,faqs,today,[
video,gallery,karnataka,polls
gallery,karnataka,polls,books
karnataka,polls,books,today
polls,books,today,start
business,standard,premium,services
standard,premium,services,band
premium,services,band,-
services,band,-,start
band,-,start,[
zedo,channel,publisher,outlook
prime,minister,benjamin,netanyahu
make,sure,doesnt,happen
end,sitecatalyst,code,version
parent,company,scl,group
consultancy,firm,cambridge,analytica
worlds,largest,social,network
ie,6,],[
research,firm,cambridge,analytica
cambridge,analytica,whistleblower,christopher
analytica,whistleblower,christopher,wylie
deputy,chief,privacy,officer
could,get,data,times
langen-us,prefixog,httpogpmens,class
class,langen-us,prefixog,httpogpmens
2,jun,2018,435pm
follow,us,facebook,twitter
cambridge,analytica,parent,company
if,gt,ie,9
],[,views,]
facebook,cambridge,analytica,scandal
kumars,fate,even,worse
bsod,lets,get,latest
lets,get,latest,build
2018,2,months,ago
chief,executive,cambridge,analytica
publisher,outlook,ad,dimension
yahoo,news,singapore,afp
news,singapore,afp,news
follow,follow,follow,follow
asianage,allpages,top,leaderboard
hiru,news,english,new
news,english,new,-
cambridge,analytica,alexander,nix
cambridge,analytica,political,consultancy
advertise,us,contact,us
user,data,cambridge,analytica
share,facebook,twitter,google
-,times,india,server
inside,broadcaster,peter,williams
sorry,im,responsible,happens
cbc,news,posted,mar
largest,social,media,network
british,firm,cambridge,analytica
congress,president,rahul,gandhi
facebook,pages,tesla,spacex
code,thats,fit,printf
thats,fit,printf,hiring
todays,paper,corrections,corrections
paper,corrections,corrections,opinion
corrections,corrections,opinion,options
corrections,opinion,options,[
cambridge,analytica,social,media
-,financial,express,[
news,yahoo,news,singapore
cambridge,analytica,improperly,accessed
firm,cambridge,analytica,improperly
iemobile,xmlns,prefix,langen-us
mark,zuckerberg,testify,congress
young,offenders,derry,girls
twitter,card,setup,-
trending,news,tech,insider
news,tech,insider,finance
tech,insider,finance,career
insider,finance,career,life
finance,career,life,video
career,life,video,[
life,video,[,]
video,[,],[
[,],[,integrationapi
],[,integrationapi,[
[,integrationapi,[,php
integrationapi,[,php,]
[,views,],[
views,],[,custom
],[,custom,id
[,custom,id,[
custom,id,[,43081
[,43081,],end
43081,],end,id
end,id,[,43081
[,43081,],begin
43081,],begin,id
begin,id,[,44071
[,44071,],end
44071,],end,id
end,id,[,44071
[,44071,],begin
44071,],begin,id
begin,id,[,44073
[,44073,],end
44073,],end,id
end,id,[,44073
[,44073,],begin
44073,],begin,id
begin,id,[,44075
[,44075,],end
44075,],end,id
end,id,[,44075
[,44075,],begin
44075,],begin,id
begin,id,[,44408
[,44408,],end
44408,],end,id
end,id,[,44408
[,44408,],begin
44408,],begin,id
begin,id,[,44410
44410,],end,id
end,id,[,44410
44410,],end,ubermenu
],end,ubermenu,5908bisglb1bisg
],[,views,mode
[,views,mode,deploy
views,mode,deploy,uid
associated,press,malay,mail
cambridge,analytica,facebook,data
mar,2018,last,modified
data,50,million,people
prefixog,httpogpmens,class,langen-us
httpogpmens,class,langen-us,prefixog
house,energy,commerce,committee
inner,post,item,end
meets,us,defence,secretary
data,87,million,facebook
start,searchform,end,searchform
data,shared,cambridge,analytica
facebook,ceo,mark,zuckerbergs
2,jun,2018,812am
league,2,jun,2018
day,travel,technology,[
],html,class,xml
html,class,xml,[
worked,us,president,donald
contact,us,privacy,policy
news,associated,press,wowtv
50,million,users,without
cambridge,analytica,ceo,alexander
facebook,coo,sheryl,sandberg
bang,showbiz,nz,yahoo7
facebook,data,cambridge,analytica
langen-gb,prefixog,httpogpmens,[
rant,cab,mein,charcha
cab,mein,charcha,pammy
mein,charcha,pammy,kaur
charcha,pammy,kaur,[
quick,adsense,wordpress,plugin
trumps,2016,election,campaign
multimedia,photos,videos,infographics
following,cambridge,analytica,scandal
google,tag,manager,google
tag,manager,google,tag
end,google,tag,manager
senate,judiciary,commerce,committees
slams,bjps,raman,singh
personal,information,50,million
post,horrific,psychiatric,issues
horrific,psychiatric,issues,young
psychiatric,issues,young,offenders
issues,young,offenders,derry
offenders,derry,girls,kriegel
derry,girls,kriegel,complicated
girls,kriegel,complicated,case
kriegel,complicated,case,court
complicated,case,court,told
case,court,told,time
court,told,time,editor
told,time,editor,registered
time,editor,registered,ireland
editor,registered,ireland,523712
registered,ireland,523712,[
data-mining,firm,cambridge,analytica
rating-thumb,rating,listing-body,time-label
listing-action,share-macro,listing-action,view
post,author,credit,author
author,credit,author,position
business,insider,us,-
facebook,twitter,google,linkedin
inheritance,2,jun,2018
qatar,wrong,thing,rules
wrong,thing,rules,government
markets,money,wealth,advisor
garden,luxury,follow,us
data,company,cambridge,analytica
china,morning,post,sat
morning,post,sat,jun
post,sat,jun,2
cambridge,analytica,obtained,data
business,business,standard,premium
analytica,ceo,alexander,nix
50,million,users,data
2018,0700,ist,womens
0700,ist,womens,asia
via,filter,thecontent,addthis
communications,sdn,bhd,[
cambridge,analytica,data,firm
improperly,shared,cambridge,analytica
new,york,times,reported
facebook,cambridge,analytica,data
facebook,analytica,data,scandal
google,code,remarketing,tag
ist,follow,email,author
donald,trumps,2016,election
saturday,2,june,2018
ceo,mark,zuckerberg,told
facebook,boss,mark,zuckerberg
cambridge,analytica,mark,zuckerberg
raidi,teilifs,ireann,ireland
teilifs,ireann,ireland,understand
ireann,ireland,understand,[
cambridge,analytica,chief,executive
footer,site,map,social
didnt,enough,prevent,tools
enough,prevent,tools,used
prevent,tools,used,harm
],class,lt-ie7,langen-us
move,fast,break,things
singapore,sat,jun,2
et,last,updated,march
],required,meta,tags
required,meta,tags,title
store,google,newsstand,loading
google,newsstand,loading,home
told,channel,4,news
girls,around,candidates,house
tag,begin,zedo,channel
ceo,mark,zuckerberg,said
cambridge,analytica,scandal,-
newspaper,archive,2018,[
email,address,name,email
address,name,email,address
standard,non-sticky,navigation,redesign
simple,share,buttons,adder
lte,ie,8,[
