cambridge,analytica
social,media
mark,zuckerberg
facebook,data
facebook,users
personal,data
user,data
social,network
facebook,ceo
50,million
ceo,mark
personal,information
analytica,scandal
data,breach
cambridge,analyticas
data,protection
],[
donald,trump
fake,news
contact,us
mr,zuckerberg
new,york
zuckerberg,said
privacy,policy
chief,executive
firm,cambridge
jun,2018
data,facebook
million,users
facebook,twitter
data,privacy
data,scandal
users,data
87,million
united,states
alexander,nix
2,jun
facebook,said
channel,4
per,cent
last,week
minutes,read
donald,trumps
trump,campaign
christopher,wylie
million,facebook
president,donald
data,analytics
analytica,data
],class
],facebook
analytica,facebook
facebook,cambridge
[,if
id,[
presidential,election
last,year
said,facebook
data,firm
aleksandr,kogan
big,data
associated,press
terms,service
presidential,campaign
york,times
terms,conditions
june,2018
data,used
prime,minister
media,giant
around,world
if,lte
lte,ie
can,not
access,data
data,cambridge
2016,election
silicon,valley
privacy,settings
make,sure
may,2018
email,address
file,name
name,suggestions
4,news
election,campaign
use,data
class,class
business,model
third,parties
march,2018
zuckerberg,says
breaking,news
us,president
facebook,also
said,statement
data,50
political,consultancy
use,facebook
mar,2018
last,month
social,networks
trade,commission
class,lt-ie7
million,people
scl,group
white,house
us,presidential
facebook,google
new,zealand
facebook,chief
years,ago
federal,trade
data,collected
european,union
9,[
copyright,2018
facebook,account
like,facebook
],end
consulting,firm
data,mining
],public
vote,leave
whether,facebook
2016,presidential
tech,companies
afp,news
sheryl,sandberg
analytics,firm
prefixog,httpogpmens
advertise,us
follow,us
information,facebook
02,2018
cambridge,university
said,would
latest,news
google,tag
data,collection
mark,zuckerbergs
facebook,profiles
third,party
company,said
us,contact
also,said
political,parties
suggestions,x
said,company
capitol,hill
2018,-
facebook,user
elon,musk
millions,users
wall,street
rahul,gandhi
millions,facebook
21,2018
zuckerberg,testify
real,estate
2016,us
narendra,modi
breach,trust
data,millions
related,articles
public,10
june,1
2018,[
without,consent
],html
data,leak
us,election
facebook,says
june,02
delete,facebook
business,insider
end,id
advertisement,advertise
facebook,founder
home,news
used,data
privacy,scandal
trumps,2016
facebook,facebook
googleoff,index
data,users
9,class
facebook,shares
media,platforms
googleon,index
facebook,privacy
top,stories
1,2018
world,news
san,francisco
executive,mark
parent,company
us,congress
zuckerberg,facebook
political,consulting
yahoo,news
media,platform
blog,post
march,21
analytica,said
founder,mark
social,networking
political,ads
first,time
personality,quiz
advertise,nzme
using,facebook
malay,mail
billion,users
information,commissioner
says,facebook
facebook,inc
news,singapore
artificial,intelligence
news,feed
10,transitionalen
ceo,alexander
steve,bannon
dont,know
],begin
terms,use
misuse,data
[,[
jun,2
data,harvesting
answer,questions
consultancy,cambridge
class,is-ie
wylie,said
class,[
new,delhi
ravi,shankar
users,facebook
begin,id
hours,ago
facebook,social
shankar,prasad
private,information
apr,2018
robert,mercer
testify,congress
without,permission
facebook,page
two,years
],cambridge
11,2018
20,2018
facebook,mark
site,map
april,10
2,billion
data,harvested
world,cup
data,company
said,cambridge
analytica,used
facebook,would
trumps,campaign
worlds,largest
news,facebook
using,data
private,data
quiz,app
app,developers
global,science
sat,jun
science,research
tim,cook
trust,facebook
data,shared
south,china
access,information
march,20
supreme,court
tech,giants
company,cambridge
data,breaches
facebook,pages
april,2018
facebook,could
would,like
companies,like
april,11
us,-
need,know
2016,campaign
two,days
facebook,accounts
data,misuse
lte9,langen-au
users,personal
twitter,google
facebooks,data
next,week
market,value
improperly,shared
cookie,policy
general,data
national,security
analytica,cambridge
tag,end
political,campaigns
class,dirltr
tens,millions
photos,videos
whistleblower,christopher
information,commissioners
related,topics
protection,regulation
hate,speech
university,cambridge
protect,users
[,]
end,article
analytica,whistleblower
damian,collins
trumps,presidential
mr,nix
dont,think
us,facebook
united,kingdom
special,counsel
facebook,friends
data,may
ie,6
privacy,practices
control,data
quick,read
10,2018
general,election
sri,lanka
made,mistakes
electoral,commission
commissioners,office
utc,2018
consent,decree
block,file
company,also
2,2018
select,committee
scandal,facebook
many,people
news,world
senate,judiciary
get,data
influence,elections
brian,acton
brexit,referendum
fake,accounts
zuckerberg,told
26,2018
langen-us,prefixog
parliamentary,committee
may,also
media,company
washington,post
vice,president
every,day
22,2018
new,privacy
north,korea
us,voters
8,[
even,though
31,2018
peoples,information
2,june
facebooks,chief
without,knowledge
privacy,commissioner
commerce,committee
prime,ministers
users,without
three,months
ie,9
didnt,know
us,elections
begin,findit
users,friends
research,firm
middle,east
trumps,election
use,personal
facebook,scandal
data,could
yahoo,finance
information,technology
also,read
print,email
days,ago
third-party,apps
judiciary,committee
march,22
executive,alexander
user,privacy
6,]
privacy,issues
data,security
information,50
dont,want
share,data
shared,data
tag,manager
brexit,campaign
world,business
end,content
3,minutes
facebook,app
political,advertising
information,users
25,2018
chief,operating
operating,officer
scl,elections
eu,referendum
news,sport
media,companies
privacy,law
policy,terms
target,voters
executive,officer
news,politics
users,information
user,information
people,use
harvested,data
28,2018
trade,war
facebook,made
facebooks,privacy
small,business
protect,data
data,without
facebooks,zuckerberg
end,[
name,email
privacy,policies
russian,interference
former,cambridge
analytica,political
analytica,ca
whose,data
personal,finance
media,network
share,price
ads,facebook
high,court
may,31
-,heres
region,file
x,regiontwig
shared,cambridge
two,weeks
privacy,laws
big,tech
27,2018
us,uk
zuckerberg,also
next,month
technology,companies
us,federal
data,social
get,access
main,content
legal,action
us,senate
2018,facebook
people,facebook
access,facebook
data,analysis
energy,commerce
kogan,cambridge
bbc,news
improperly,obtained
class,lt-ie10
2018,updated
china,morning
google,facebook
use,social
news,business
science,technology
top,news
regiontwig,block
x,blocktwig
deleted,facebook
active,users
could,used
whatsapp,co-founder
used,facebook
information,used
google,analytics
largest,social
chris,wylie
india,world
theresa,may
