1,19-09-09 --,MarketScreener,MarketScreener
2,19-06-26 NG,Pulse Nigeria,Pulse Nigeria
5,19-03-30 IN,The Asian Age,The Asian Age
6,19-03-10 PK,PhoneWorld Magazin,PhoneWorld Magazin
7,19-03-08 IN,Economic Times,Economic Times
8,19-03-07 IN,Entrackr,Entrackr
9,19-01-31 PH,CNN Philippines,CNN Philippines
10,19-01-03 CA,Winnipeg Free Press,Winnipeg Free Press
11,18-11-01 CA,CBC.ca,CBC.ca
12,18-07-22 IN,Times of Indi,Times of Indi
13,18-06-03 IE,Village,Village
14,18-06-02 BD,theindependentbd.com,theindependentbd.com
15,18-06-02 BD,theindependentbd.com,theindependentbd.com
16,18-05-11 CA,HuffPost Canada,HuffPost Canada
17,18-05-08 AU,MuMbrella,MuMbrella
18,18-04-21 IE,Her.ie,Her.ie
19,18-04-10 AU,SmartCompany.com.au,SmartCompany.com.au
20,18-04-09 AU,The Australian Financial Review,The Australian Financial Review
21,18-04-08 NZ,Scoop.co.n,Scoop.co.n
22,18-04-07 ZA,Independent Online,Independent Online
23,18-04-06 IE,Her.ie,Her.ie
24,18-04-05 US,NPR,NPR
25,18-04-05 CA,Globalnews.ca,Globalnews.ca
26,18-04-05 GB,The Market Mogul,The Market Mogul
27,18-04-05 ZA,Independent Online,Independent Online
28,18-04-04 US,CNET,CNET
29,18-04-04 SG,Business Insider,Business Insider
30,18-04-02 NZ,Indian NewsLink,Indian NewsLink
31,18-03-27 SG,Catch News,Catch News
32,18-03-26 CA,Globalnews.ca,Globalnews.ca
33,18-03-26 IN,News18,News18
34,18-03-25 NZ,Otago Daily Times,Otago Daily Times
35,18-03-24 AU,WAtoday,WAtoday
36,18-03-24 AU,The Sydney Morning Herald,The Sydney Morning Herald
37,18-03-23 IN,Business Standard,Business Standard
38,18-03-22 US,The Times of Israel,The Times of Israel
39,18-03-21 CA,Globalnews.ca,Globalnews.ca
40,18-03-21 MY,Malaysiakini,Malaysiakini
41,18-03-20 US,USA TODAY,USA TODAY
42,18-03-20 CA,Toronto Star,Toronto Star
43,18-03-20 IN,BloombergQuint,BloombergQuint
44,18-03-20 SG,The Independent,The Independent
45,18-03-20 SG,The Independent,The Independent
46,18-03-20 SG,The Independent,The Independent
47,18-03-20 SG,The Independent,The Independent
48,18-03-19 US,WIRED,WIRED
49,18-03-19 US,WIRED,WIRED
50,18-03-19 GB,The Register,The Register
51,18-03-19 AU,NEWS.com.au,NEWS.com.au
52,18-03-18 GB,Daily Mail,Daily Mail
53,18-03-18 GB,Daily Mail,Daily Mail
54,18-03-18 GB,Daily Mail,Daily Mail
55,18-03-17 US,Fast Company,Fast Company
56,18-03-17 US,Fast Company,Fast Company
57,18-03-17 AU,The Sydney Morning Herald,The Sydney Morning Herald
58,18-03-17 NZ,New Zealand Herald,New Zealand Herald
59,17-09-17 KE,KDRTV,KDRTV
60,17-07-22 KE,Daily Nation,Daily Nation