facebook,20642
data,14278
cambridg,8215
analytica,7752
user,6716
said,6630
compani,6342
news,6102
us,5921
zuckerberg,5589
use,5502
inform,4311
peopl,4009
privaci,3926
social,3761
media,3639
say,3490
elect,3382
new,3268
app,3223
share,3181
polit,3175
also,3053
person,2964
time,2926
ad,2898
like,2812
advertis,2809
end,2727
report,2688
campaign,2686
trump,2655
work,2643
mark,2542
busi,2533
million,2508
firm,2489
year,2453
one,2413
may,2403
world,2365
would,2318
get,2115
make,2111
post,1943
scandal,1926
parti,1918
could,1878
question,1812
tech,1811
access,1777
servic,1772
read,1747
call,1729
protect,1718
take,1677
technolog,1671
day,1647
govern,1616
india,1609
video,1603
polici,1594
comment,1588
googl,1586
network,1568
investig,1566
stori,1563
start,1560
platform,1552
public,1551
ceo,1535
market,1533
ask,1525
go,1519
need,1509
help,1507
last,1501
follow,1490
account,1486
profil,1475
week,1461
know,1451
twitter,1422
presid,1417
content,1411
research,1407
state,1405
come,1402
includ,1398
secur,1392
chang,1386
email,1381
regul,1371
issu,1369
breach,1366
first,1363
march,1338
target,1326
right,1326
articl,1325
collect,1322
even,1319
mr,1317
way,1310
onlin,1306
pm,1304
law,1303
group,1287
uk,1285
offic,1275
develop,1250
want,1246
two,1244
congress,1241
set,1238
top,1225
home,1221
chief,1199
contact,1194
back,1171
digit,1155
term,1153
committe,1152
mani,1146
site,1145
dont,1141
delet,1139
view,1126
think,1114
today,1105
nation,1105
well,1105
told,1104
made,1103
senat,1100
show,1086
page,1085
execut,1080
respons,1072
without,1070
friend,1055
billion,1055
name,1048
thing,1043
month,1041
see,1035
claim,1034
kogan,1033
look,1025
sign,1024
give,1004
gener,1001
whether,996
big,986
much,984
voter,975
alleg,968
statement,967
messag,965
updat,963
photo,962
provid,962
opinion,959
internet,959
search,956
recent,955
face,947
harvest,945
author,942
hear,936
live,928
relat,926
commun,926
wyli,923
around,907
base,905
block,898
allow,898
donald,895
part,895
power,892
detail,891
hous,880
april,878
happen,878
number,866
sinc,863
third,859
control,854
sport,853
june,853
manag,852
appear,848
support,848
find,848
publish,844
latest,843
nix,832
univers,828
point,826
concern,823
subscrib,822
still,821
open,816
global,815
creat,814
link,813
meet,810
former,806
vote,800
press,799
tag,789
accord,788
russian,787
trade,787
close,780
next,774
free,774
case,763
trust,762
fake,761
didnt,759
minist,758
oper,757
rule,757
countri,757
british,754
tool,752
tri,751
file,747
featur,745
action,745
influenc,740
life,737
good,736
websit,728
plan,725
reveal,722
list,722
mobil,720
result,718
consent,715
consum,713
job,710
money,708
stock,705
continu,704
answer,704
eu,699
address,697
announc,695
analyt,694
leav,693
american,689
ago,688
consult,687
begin,686
privat,681
found,677
that,677
presidenti,675
run,674
interest,674
trend,672
becom,671
ca,671
place,667
anoth,664
newslett,661
founder,659
wednesday,653
european,650
might,648
everi,646
event,644
offer,644
tuesday,644
unit,642
team,641
never,639
best,638
section,637
imag,633
channel,631
london,630
brexit,629
jun,629
move,628
put,628
custom,627
involv,627
activ,626
suggest,626
health,623
testifi,623
review,623
turn,622
bank,618
connect,612
import,607
talk,607
phone,607
build,604
tweet,602
giant,602
scl,601
believ,601
watch,601
product,598
high,598
system,597
act,596
play,594
intern,594
role,592
mean,591
step,591
accus,590
realli,589
interview,589
deal,589
differ,589
industri,585
entertain,582
whatsapp,582
democrat,581
scienc,580
howev,579
misus,579
learn,575
three,575
long,575
lawmak,575
better,575
alreadi,574
indian,574
full,573
major,566
break,565
p,564
legal,561
tell,561
record,559
im,557
keep,555
lot,555
understand,553
offici,552
member,551
code,548
problem,548
real,546
violat,546
must,546
court,545
associ,545
per,544
possibl,543
join,541
x,536
leader,535
receiv,533
price,533
affect,532
practic,530
current,530
investor,530
potenti,529
process,528
tv,524
minut,524
game,523
old,520
head,520
model,517
individu,513
fact,512
suspend,509
rais,509
explain,507
pay,506
let,506
standard,504
appl,504
financi,503
special,502
bjp,502
obtain,500
expect,500
effect,500
percent,500
launch,499
win,499
valu,498
requir,498
cultur,498
employe,496
deni,495
limit,495
someth,493
done,492
futur,492
local,492
financ,492
clear,491
hour,490
york,489
index,488
commiss,487
china,486
download,485
popular,483
permiss,482
header,481
revel,479
leak,479
far,478
id,478
lead,477
russia,477
monday,476
polic,475
design,474
feder,473
newspap,472
critic,472
order,471
evid,469
sever,468
warn,467
matter,466
mine,466
book,465
hit,464
mistak,463
seem,462
controversi,457
insid,456
respond,456
hold,455
daili,455
agre,454
invest,452
europ,451
sourc,451
express,449
given,448
releas,447
fund,446
sure,445
log,445
director,444
past,443
doesnt,442
abl,441
hand,441
idea,440
travel,440
contain,439
guardian,437
second,436
send,435
stop,435
man,434
main,434
test,434
check,433
enough,433
sell,432
partner,430
attack,428
project,427
risk,426
alexand,424
date,424
there,422
washington,421
client,421
topic,421
candid,421
edit,421
whistleblow,420
manipul,420
friday,420
commission,420
e,420
prime,420
parent,419
note,419
corpor,419
came,417
line,417
store,417
age,416
other,414
decis,413
repres,413
car,413
co,412
larg,411
agenc,408
blog,406
copyright,406
among,406
singapor,405
south,403
took,402
letter,402
kind,402
track,401
earlier,400
request,400
yahoo,400
intellig,399
speak,399
brand,399
testimoni,398
taken,398
specif,398
later,397
purpos,397
prevent,397
confirm,396
hire,396
mp,395
regist,395
pictur,395
educ,393
remain,392
histori,391
actual,391
centr,389
left,389
key,389
fail,388
reason,386
economi,386
consid,386
ever,386
your,386
across,385
ensur,384
experi,383
poll,383
elector,383
reuter,383
republican,381
rate,381
foreign,380
script,380
abus,379
politician,379
gdpr,379
posit,379
improperli,376
studi,376
via,375
final,375
editor,375
got,375
kill,373
democraci,373
increas,372
seen,371
cent,369
reach,368
cant,368
impact,368
wrote,366
forc,365
canada,365
footer,365
remov,365
menu,364
admit,364
north,363
nigeria,363
seek,362
though,362
cooki,361
feel,361
citi,361
charg,361
modi,361
apolog,360
independ,359
row,358
britain,358
instagram,358
probe,358
promis,358
grow,358
inc,358
add,357
discuss,357
five,356
ahead,356
level,356
amazon,356
littl,355
women,355
pleas,354
yet,354
gain,353
revenu,350
form,350
human,350
web,349
fb,349
spend,349
christoph,347
avail,347
analysi,347
word,346
challeng,346
war,346
buy,345
paper,344
parliament,344
less,344
school,344
famili,344
organis,343
identifi,343
tax,343
bring,342
demand,342
emerg,341
lifestyl,340
street,339
referendum,339
musk,338
condit,334
fire,333
convers,333
care,331
engag,331
gather,330
devic,330
paid,330
academ,329
board,329
exampl,329
behind,327
effort,327
fear,327
handl,327
region,327
feed,326
afp,326
strategi,325
africa,325
away,323
info,323
version,323
growth,323
headlin,322
archiv,321
magazin,321
complet,319
small,316
hard,315
bill,314
here,313
white,312
expert,312
whose,312
password,312
cover,311
notic,311
lt,311
observ,310
union,309
america,308
quiz,308
comput,307
ban,307
sandberg,307
initi,305
area,305
everyon,303
categori,302
transpar,302
thought,301
sorri,301
print,301
psycholog,301
sent,299
congression,299
isnt,299
apr,299
australia,298
he,298
click,297
confer,296
amount,296
capit,295
everyth,295
gave,295
citizen,294
hope,294
despit,293
four,293
td,293
what,293
pass,291
alway,291
exist,291
canadian,291
bloomberg,291
biggest,290
ap,290
food,290
rise,289
survey,289
senior,289
cost,288
ftc,288
summit,287
israel,287
sunday,287
staff,286
serv,286
save,285
conduct,283
commerc,283
weve,281
music,281
rss,281
theyr,281
visit,280
least,279
aleksandr,279
great,278
front,278
similar,276
light,276
login,276
someon,276
wall,275
fix,275
awar,275
ist,275
robert,274
chairman,274
bad,274
goe,274
analyst,274
australian,273
true,273
relationship,272
mail,272
quit,272
profit,272
exploit,271
option,271
film,271
cook,271
employ,270
describ,270
side,270
softwar,269
audit,269
thursday,269
anyon,268
known,268
opposit,268
entir,267
death,267
crisi,267
stay,266
love,266
illeg,266
predict,265
spread,265
john,265
bodi,264
instead,264
properti,263
morn,263
mind,263
return,262
thank,262
weather,262
deletefacebook,262
amid,261
asia,261
player,261
saturday,261
commit,261
non,261
bn,261
probabl,261
speech,260
contract,260
ireland,260
west,260
conserv,259
within,257
improv,257
sold,257
often,256
attempt,256
behaviour,256
payment,256
bar,256
almost,255
hack,255
career,255
lost,254
success,254
interfer,253
push,253
outsid,253
sale,253
wake,252
expos,252
student,252
boss,252
drive,252
nearli,252
journalist,251
longer,250
focu,250
largest,250
navig,248
document,248
nz,248
legisl,247
approach,247
refer,247
th,247
reportedli,246
fine,246
opt,246
repli,245
total,245
spi,244
prepar,243
went,243
soon,243
alert,243
david,243
select,242
ai,242
subject,242
recommend,242
buhari,242
youv,242
professor,242
societi,241
huge,241
fals,241
editori,241
debat,240
applic,240
earli,240
bannon,240
wrong,240
abil,239
direct,239
children,239
ye,239
style,238
android,238
anyth,238
justic,238
agreement,237
knowledg,237
led,236
zealand,236
text,236
seri,235
kenya,235
youtub,235
billionair,234
write,234
valley,234
scrutini,233
ex,233
common,233
rather,233
caus,233
drop,233
worri,233
held,233
gandhi,233
militari,232
innov,232
togeth,232
thousand,231
situat,231
present,231
strong,231
delhi,231
cours,231
deliv,230
center,229
choic,229
miss,229
pro,229
r,229
tie,229
immedi,228
broke,228
guid,228
late,227
noth,227
lose,227
energi,227
forward,227
decid,227
smart,226
figur,226
fall,226
earn,226
cut,225
span,225
certain,225
silicon,225
et,225
origin,224
measur,224
cnn,223
anti,222
due,222
avoid,222
dollar,222
promot,222
pressur,222
air,221
engin,220
edg,220
enter,220
v,220
young,219
although,218
submit,218
own,218
spent,218
threat,218
card,217
celebr,217
tip,217
benefit,217
commerci,216
exchang,216
inquiri,216
opportun,216
locat,215
tesla,215
lie,215
subscript,215
aim,214
propaganda,214
addit,214
built,214
acknowledg,214
moment,214
quick,214
yesterday,214
restrict,213
movi,213
fight,213
stand,213
mercer,212
ten,212
startup,212
bbc,211
sun,211
button,211
widget,211
seriou,210
econom,210
indic,210
credit,209
singl,209
estim,209
audienc,208
appli,208
die,208
program,207
deputi,207
whole,206
auto,206
previous,205
protest,205
accept,204
prasad,204
fair,204
feedback,203
loss,203
rahul,203
council,202
algorithm,202
award,202
materi,202
type,202
cloud,202
journal,201
california,201
crime,201
server,200
host,200
wont,200
respect,200
competit,200
worker,200
secretari,200
labour,199
redesign,199
ethic,198
secret,198
televis,198
korea,198
art,198
radio,197
podcast,197
dr,197
enforc,197
retail,197
h,196
kim,196
steve,196
cyber,196
hate,195
brief,194
sector,194
messeng,194
fast,194
institut,194
determin,193
self,193
six,193
grill,193
perhap,193
damag,193
hill,193
east,192
quarter,192
organ,192
regard,192
star,192
along,191
allegedli,191
solut,191
deploy,191
surpris,191
integr,191
declin,191
weekend,191
night,190
massiv,190
field,190
roll,189
wasnt,189
truth,189
advis,188
actor,188
sex,188
aadhaar,188
shut,187
malaysia,187
box,187
easi,187
wowtv,187
either,187
pick,187
elon,187
plu,186
shop,186
previou,186
map,186
combin,186
space,186
room,186
lawyer,185
sort,185
disclos,185
beyond,185
short,185
wed,184
realiti,184
wrap,184
ive,184
apologis,184
enterpris,184
govt,184
attent,183
exactli,183
ministri,183
central,183
col,183
wide,182
linkedin,182
mention,182
discov,181
race,181
written,181
disclosur,181
natur,181
pull,180
becam,180
happi,180
ltd,179
simpli,179
compromis,179
sat,179
half,179
complaint,178
introduc,178
worth,178
judiciari,178
black,177
depart,177
basic,176
higher,176
gsr,176
threaten,175
entri,175
carri,175
irish,175
decad,175
safeti,175
nav,175
chri,174
broadcast,173
tariff,173
knew,173
smartphon,173
signific,173
meanwhil,173
capitol,173
woman,172
boast,172
perform,172
heard,172
rememb,172
resourc,172
panel,172
road,172
blame,171
train,171
especi,171
oil,171
mueller,171
spacex,171
februari,171
sheryl,171
particular,170
propos,170
karnataka,170
interact,169
highlight,169
arm,169
listen,169
welcom,169
compar,169
eye,169
speed,169
middl,168
notifi,168
compli,168
prefer,168
quot,168
display,167
collin,166
correct,166
judg,166
scale,166
incid,166
bottom,166
logo,165
camera,165
lack,165
toward,165
aggregateiq,165
saw,165
reduc,165
met,164
san,163
programm,163
estat,163
acquir,163
began,163
movement,163
regulatori,163
encourag,163
clearli,163
confid,162
sens,162
un,162
rank,162
caught,162
meta,162
insight,162
suspect,162
donat,161
st,161
writer,161
advanc,161
uhuru,161
undercov,160
fulli,160
environ,160
session,160
cach,159
browser,159
domin,159
choos,159
gadget,159
virtual,158
psychograph,158
dark,158
machin,158
gold,158
period,158
narendra,158
parliamentari,157
brought,157
variou,157
statu,157
directli,157
icon,156
monitor,156
spokesman,156
reli,155
counsel,155
refus,155
nigerian,155
ident,154
tactic,154
vice,154
item,154
inbox,153
kid,153
voic,153
difficult,153
liber,152
urg,152
uber,152
surveil,152
tim,152
coverag,151
heart,151
theme,151
slow,151
cup,151
contribut,150
argu,150
els,150
plugin,150
isra,150
galleri,150
pdp,150
beat,150
fashion,149
produc,149
crimin,149
invit,149
advic,148
safe,148
watchdog,148
separ,148
c,147
affair,147
licens,147
column,147
arrest,147
low,147
photograph,146
neg,146
verifi,146
enabl,146
hot,146
grant,146
deserv,146
inner,146
memo,146
exclus,145
paul,145
publicli,145
sen,145
label,145
worldwid,145
rang,144
failur,144
databas,144
fan,144
defend,144
classifi,144
outcom,143
copi,143
microsoft,143
brian,143
scrape,143
lower,143
vs,143
approv,143
iphon,142
load,142
english,142
leagu,142
girl,142
summon,141
sit,141
alphabet,141
au,141
bit,141
sa,141
averag,141
resid,141
fit,140
appar,140
forum,140
leadership,140
particularli,140
greater,139
method,139
maintain,139
worst,139
near,139
men,138
januari,138
jonathan,137
match,137
artifici,137
scoop,137
chines,137
entiti,136
affili,136
columnist,136
skip,136
defenc,136
warrant,136
focus,136
certainli,136
assur,136
outrag,135
obama,135
leaveeu,135
troubl,135
french,135
techniqu,134
round,134
wors,134
danger,134
snp,134
attorney,134
assist,133
sway,133
extrem,133
wonder,133
mukhriz,133
tough,132
screen,132
sensit,132
defens,132
ms,132
establish,132
spokesperson,132
sri,132
syria,131
mission,131
touch,131
beauti,131
kenyatta,131
titl,131
park,131
daughter,130
stake,130
harm,130
particip,130
joint,130
cruz,129
simpl,129
shouldnt,129
element,129
meddl,129
zuck,129
entrap,128
freedom,128
obituari,128
super,128
contest,128
seven,128
aid,128
slate,127
pitch,127
guidelin,127
jump,127
secretli,127
francisco,126
wrapper,126
hotel,126
instal,126
reader,126
corrupt,126
vulner,126
putin,126
struggl,126
serious,126
administr,125
insist,125
necessari,125
town,125
depend,125
hacker,125
function,125
rival,125
remark,125
destroy,125
backlash,125
mayb,125
farmer,125
rs,125
lawsuit,125
seat,125
explor,124
scientist,124
technic,124
fell,124
iemobil,124
piec,124
netflix,124
b,124
nzme,124
mode,123
k,123
transitionalen,123
intend,123
kenyan,123
cnbc,123
cricket,123
reserv,123
novemb,123
turnbul,123
unlik,122
stolen,122
reput,122
core,122
achiev,122
chanc,122
instanc,122
counter,122
footbal,122
weapon,122
germani,122
cite,121
schedul,121
wait,121
prove,121
stage,121
purchas,121
wife,121
malay,121
ravi,121
quickli,121
net,120
behavior,120
premium,120
multipl,120
degre,120
mislead,120
bribe,119
suprem,119
relev,119
ico,119
stuff,119
essenti,119
dynam,119
land,119
ill,119
acton,119
strateg,119
saudi,119
clinton,119
rep,119
expand,118
wouldnt,118
vehicl,118
suit,118
hundr,118
ultim,118
score,118
cbc,118
increasingli,117
hide,117
default,117
kingdom,117
gb,117
franc,117
extend,117
incom,117
peter,117
goal,117
api,116
ran,116
languag,116
abc,116
drink,116
theft,116
size,116
readi,116
reflect,116
sidebar,116
cross,115
bt,115
appoint,115
wire,115
mostli,115
juli,115
water,115
bay,115
sought,114
anonym,114
currenc,114
sometim,114
insur,114
andrew,114
annual,113
budget,113
basi,113
shankar,113
son,113
slide,113
appeal,113
decemb,113
deep,113
findit,113
partnership,112
easier,112
tour,112
extens,112
gone,112
murder,112
sound,112
shock,112
ge,112
silenc,112
easili,112
none,112
encrypt,111
asset,111
advoc,111
strike,111
q,111
faq,110
slam,110
fundament,110
object,110
aggreg,110
sci,110
al,110
border,110
gender,110
youth,110
pretti,110
cm,110
civil,109
attend,109
motor,109
tradit,109
bot,109
upload,109
favour,109
coupl,109
bid,109
shift,109
arent,109
medic,109
sharehold,109
decre,109
spotlight,108
newsroom,108
divis,108
birthday,108
echo,108
weekli,108
african,108
primari,108
vast,108
transfer,108
modal,107
modern,107
cash,107
traffic,107
mass,107
sponsor,107
solv,107
reject,107
rest,107
deepli,107
driver,107
stamo,107
distribut,106
counti,106
wealth,106
constitut,106
prompt,105
jame,105
broader,105
violenc,105
adopt,105
intent,105
cast,105
storm,105
princ,104
fortun,104
ted,104
creativ,104
popul,104
ignor,104
count,104
wrongdo,103
sub,103
fox,103
progress,103
ongo,103
spoke,103
getti,103
crash,103
spark,103
michael,102
accur,102
highli,102
disrupt,101
disinform,101
island,101
trick,101
clean,101
rail,101
born,101
colleagu,101
boost,101
mother,101
ng,101
driven,100
dead,100
august,100
transport,100
repeatedli,100
sm,100
activist,100
iran,100
rel,100
fli,100
examin,99
troll,99
bolton,99
cooper,99
straight,99
steal,99
pakistan,99
react,99
alex,99
texa,99
episod,98
broken,98
havent,98
hindu,98
wit,98
england,98
assum,98
rose,98
pose,98
fraud,98
will,98
door,97
sexual,97
father,97
doubt,97
sustain,97
colleg,97
terrorist,97
hasnt,97
herald,97
terror,97
apc,97
appropri,96
cancel,96
notif,96
era,96
f,96
absolut,96
rt,96
royal,96
complex,96
green,96
viral,96
undermin,96
inde,96
impos,96
structur,96
felt,96
mexico,96
mike,95
behalf,95
swing,95
safeguard,95
consequ,95
g,95
audio,95
shot,95
victim,95
reward,95
extent,95
shoot,95
assess,94
captur,94
emot,94
wild,94
repeat,94
lanka,94
gizmodo,93
incred,93
implement,93
child,93
js,93
context,93
reaction,93
malici,93
prefix,93
schroepfer,93
wear,93
suppli,93
club,92
profession,92
wordpress,92
gift,92
octob,92
monopoli,92
meant,92
poison,92
collaps,91
declar,91
scene,91
owner,91
walk,91
advantag,91
alexa,91
battl,91
victori,91
medium,91
signal,91
eventu,91
shown,91
hub,91
philippin,91
pti,91
fun,90
misinform,90
draw,90
perfect,90
regim,90
mental,90
utc,90
rock,90
damian,89
pledg,89
immigr,89
micro,89
plung,89
formal,89
shadow,89
aiq,89
ground,89
boy,89
shape,89
outlin,89
complic,89
upcom,89
qualiti,89
kaiser,89
honest,89
arriv,89
mid,88
renew,88
shame,88
tinder,88
puls,88
dump,88
principl,88
reform,88
ralli,88
bond,88
ben,87
jone,87
farm,87
unless,87
pr,87
whistl,87
johnson,87
assembl,87
footag,87
speaker,87
remind,87
fresh,87
eight,87
neither,87
broker,87
complianc,87
blockchain,87
definit,87
richard,87
spot,87
prior,87
sp,87
altern,86
theyv,86
occur,86
headquart,86
ian,86
garden,86
valuabl,86
alon,86
buzzfe,86
kedah,86
banner,85
hashtag,85
directori,85
divers,85
hurt,85
septemb,85
bi,85
wish,85
delay,85
religi,85
sophist,85
blocktwig,85
nuclear,84
corp,84
catch,84
coordin,84
lift,84
vr,84
hardwar,84
foundat,84
tab,84
weak,84
resign,84
strategist,84
loan,84
palantir,84
frank,84
chair,83
argument,83
collabor,83
closer,83
brows,83
otherwis,83
bought,83
hospit,83
withdraw,83
upon,83
addict,83
guy,83
cap,83
highest,83
javascript,83
vow,83
agent,83
horoscop,82
gun,82
habit,82
ecosystem,82
cybersecur,82
extern,82
up,82
implic,82
faith,82
defin,82
fallout,82
quizz,82
fuel,82
dutert,82
wipe,82
hillari,82
stream,81
dan,81
advert,81
io,81
fill,81
oppon,81
usa,81
luca,81
en,81
trial,81
factor,81
minor,81
suffer,81
harder,81
scheme,80
stephen,80
whatev,80
beij,80
monthli,80
entrepreneur,80
intens,80
ar,80
demograph,80
queri,80
task,80
realis,80
rare,80
forecast,80
equiti,80
snapchat,80
scottish,80
except,80
georg,80
singh,80
electron,80
belief,80
bypol,80
analys,80
daniel,79
subsequ,79
tap,79
elizabeth,79
pc,79
german,79
poor,79
equal,79
perspect,79
lunch,79
strengthen,79
seo,79
legitim,79
etc,79
bc,79
maker,79
pacif,79
clarifi,79
therefor,79
disabl,78
confidenti,78
bet,78
bia,78
oblig,78
z,78
conflict,78
vancouv,78
convinc,78
pop,78
na,78
denham,78
imposs,77
kept,77
afternoon,77
album,77
dc,77
tribun,77
mari,77
manner,77
lectur,77
balanc,77
elsewher,77
penalti,77
oversight,77
agenda,77
muslim,77
rich,77
chancellor,77
xiaomi,77
fed,76
babi,76
visa,76
error,76
ga,76
kick,76
palestinian,76
earth,76
blue,76
usual,76
theresa,76
wing,76
necessarili,76
manufactur,76
infrastructur,76
confus,76
bulli,76
presenc,76
bigger,76
trap,75
sting,75
belong,75
prospect,75
feat,75
moder,75
scotland,75
telegraph,75
centuri,75
epap,75
disput,75
cheat,75
red,75
anim,75
pend,75
regret,75
mount,74
explicit,74
segment,74
histor,74
hr,74
surround,74
usag,74
proactiv,74
dozen,74
regular,74
apart,74
detect,74
tabl,74
diplomat,74
holiday,74
netanyahu,74
submiss,73
hidden,73
tackl,73
surfac,73
combat,73
meaning,73
doubl,73
youll,73
negoti,73
jeff,73
de,73
uniqu,73
frame,73
recognit,73
divid,73
drug,73
facebookaposs,73
kumar,73
timelin,73
raila,73
mozilla,73
metro,72
dow,72
afford,72
fluid,72
creator,72
winner,72
motiv,72
ed,72
illustr,72
explan,72
dismiss,72
anyway,72
xmlnsfb,72
brazil,72
constitu,72
npsectionid,72
summer,71
revolut,71
blow,71
transact,71
imagin,71
pre,71
familiar,71
telegram,71
armi,71
alarm,71
scroll,71
treat,71
brain,71
tom,71
mi,71
persuad,71
syndic,71
normal,70
unclear,70
contractor,70
band,70
chat,70
overal,70
talent,70
documentari,70
verif,70
calendar,70
facial,70
swiper,70
william,70
matt,70
regiontwig,70
mysteri,69
mess,69
larger,69
iq,69
who,69
enjoy,69
robot,69
dog,69
demonstr,69
flag,69
cubey,69
northern,69
desk,69
mirror,69
hike,69
pattern,69
usernam,69
root,69
bureau,69
dirti,69
bosworth,69
fee,68
deliveri,68
sitemap,68
bug,68
window,68
prison,68
switch,68
mix,68
reckon,68
truli,68
restaur,68
grab,68
namo,68
stronger,67
replac,67
tomorrow,67
recruit,67
rape,67
king,67
outlet,67
convent,67
resolv,67
modifi,67
lobbi,67
construct,67
neutral,67
allianc,67
broad,66
adam,66
expens,66
attract,66
nielsen,66
japan,66
multimedia,66
tighten,66
commod,66
rush,66
tend,66
mumbai,66
meme,66
twice,66
tracker,66
xmln,66
hang,66
nine,66
chronicl,66
harri,66
laptop,66
pallon,66
jewish,66
storag,65
retain,65
emb,65
korean,65
sydney,65
reddit,65
improp,65
euro,65
charact,65
competitor,65
mere,65
gossip,65
telecom,65
exercis,65
surviv,65
craft,65
leaderboard,65
oldest,65
steel,65
proceed,64
graph,64
unveil,64
moral,64
itali,64
endif,64
pixel,64
inevit,64
volunt,64
exec,64
frequent,64
attribut,64
electr,64
globe,64
jim,64
eat,64
abandon,64
pacquiao,64
sky,64
couldnt,64
settl,64
est,64
graham,63
roseann,63
jong,63
flow,63
graphic,63
depth,63
empow,63
cancer,63
stress,63
aspect,63
tori,63
domain,63
teen,63
smaller,63
outlook,63
golf,63
framework,63
finger,63
weigh,63
comfort,63
conspiraci,63
suspici,62
trigger,62
extract,62
wealthi,62
donor,62
disclaim,62
sentenc,62
kennedi,62
dna,62
begun,62
paus,62
resolut,62
wong,62
width,62
trove,62
throughout,62
commentari,62
advisor,62
drone,62
enhanc,62
thu,62
crucial,62
inspir,62
physic,62
autom,62
su,62
filter,62
khan,62
warner,62
harvard,62
contributor,61
anger,61
justifi,61
debt,61
graduat,61
mainstream,61
notabl,61
oversea,61
draft,61
nsw,61
tension,61
oppos,61
huffpost,61
margin,61
rocket,61
background,61
snap,61
coast,61
consist,61
finish,61
ventur,61
alli,61
settlement,61
shah,61
tamil,61
strongli,60
southern,60
blower,60
uneth,60
numer,60
tailor,60
iot,60
transform,60
samsung,60
desktop,60
doctor,60
lakh,60
guest,60
leverag,60
anywher,60
roughli,60
comprehens,60
season,60
spam,60
chip,60
capabl,60
la,60
recal,60
dig,60
fallen,60
sea,60
accid,60
station,60
pa,60
accuraci,60
shirt,60
vladimir,60
disappear,59
visibl,59
uid,59
marketplac,59
spokeswoman,59
precis,59
pivot,59
promin,59
treatment,59
she,59
passeng,59
ride,59
recov,59
skill,59
luxuri,59
img,59
impress,59
compet,59
brown,59
salari,59
recoveri,59
offens,59
fish,59
asian,59
showbiz,59
mvp,59
islam,59
parakila,59
lab,58
lesson,58
faster,58
j,58
intellectu,58
atlant,58
birth,58
joe,58
hunt,58
kapoor,58
wp,58
typic,58
zone,58
comey,58
unpreced,58
psychologist,58
expans,58
taboola,58
roger,58
max,58
ok,58
auckland,58
plot,58
laboratori,58
missil,58
defeat,58
azrin,58
bhd,57
permit,57
violent,57
exit,57
florida,57
buyer,57
deliber,57
fbi,57
edward,57
crore,57
registr,57
px,57
dream,57
exhibit,57
newest,57
prohibit,57
authoris,57
western,57
expertis,57
sanction,57
odinga,57
oneplu,57
crossword,56
pursu,56
sticki,56
optim,56
translat,56
volum,56
spell,56
wave,56
angri,56
ghosh,56
grown,56
infograph,56
bu,56
valid,56
premier,56
golden,56
pradesh,56
saga,56
prioriti,56
vendor,56
scope,56
healthi,56
corbyn,56
strict,56
datatag,56
abort,55
dramat,55
correspond,55
unabl,55
foot,55
melbourn,55
lock,55
summari,55
portfolio,55
jail,55
li,55
inappropri,55
gotten,55
truck,55
theori,55
greatest,55
heavi,55
scenario,55
collus,55
intimid,55
chicago,55
plenti,55
packag,55
theatr,55
justin,55
chart,55
tumbl,55
trait,55
sharma,55
psychometr,55
mishandl,55
goodluck,55
suppos,54
corner,54
unfair,54
scam,54
grew,54
setup,54
poster,54
sampl,54
criticis,54
coin,54
deriv,54
ambassador,54
ip,54
distanc,54
jersey,54
authent,54
cat,54
coo,54
nasa,54
extra,54
creation,54
npr,54
muhammadu,54
bacon,54
assert,53
wider,53
loop,53
joke,53
fellow,53
instruct,53
gt,53
petrol,53
ryan,53
util,53
capac,53
climat,53
ideolog,53
reassur,53
guard,53
evolv,53
aggress,53
specul,53
tenni,53
disturb,53
surg,53
franchis,53
peac,53
hair,53
placement,53
ftse,53
coalit,53
jubile,53
revok,52
district,52
guarante,52
bee,52
angel,52
gmt,52
matti,52
proof,52
yield,52
cartoon,52
forens,52
realiz,52
gear,52
suffici,52
cryptocurr,52
prosecutor,52
macro,52
toler,52
chase,52
kosinski,52
thrive,52
planet,52
chemic,52
eas,52
syrian,52
mayor,52
cube,52
famou,51
acquisit,51
consider,51
jan,51
koum,51
clash,51
tablet,51
understood,51
invas,51
phase,51
bhattacharje,51
amaz,51
crazi,51
sabha,51
bollywood,51
sentiment,51
escap,51
fourth,51
raw,51
bear,51
conveni,51
illinoi,51
hed,51
menlo,51
trademark,51
circul,51
chain,51
unauthoris,51
nelson,51
stringent,51
homeless,51
heat,51
dumb,51
warfar,51
ratio,51
hawk,51
playboy,51
jerusalem,51
trail,50
llc,50
cameron,50
bomb,50
veteran,50
breitbart,50
furor,50
rescu,50
festiv,50
recogn,50
villag,50
injur,50
christian,50
desir,50
recod,50
lp,50
cb,50
ugli,50
campu,50
unfortun,50
flood,50
adult,50
static,50
alongsid,50
memori,50
galaxi,50
attitud,50
verdict,50
trip,50
sheet,50
duti,50
teaser,50
smoke,50
sanni,50
footermapitem,50
religion,49
vital,49
toggl,49
teacher,49
quarterli,49
shed,49
werent,49
u,49
empir,49
conclus,49
bihar,49
lok,49
mechan,49
agricultur,49
guess,49
appreci,49
sue,49
rural,49
territori,49
robust,49
anybodi,49
narr,49
paytm,49
nba,49
squar,49
martin,49
rob,49
substanti,49
nazi,49
femal,49
knock,49
logout,49
scrap,49
embarrass,49
nokia,49
vivo,49
acxiom,49
favor,48
contradict,48
honey,48
pain,48
oculu,48
iron,48
signup,48
di,48
ship,48
onto,48
god,48
sole,48
disappoint,48
brother,48
extraordinari,48
nbc,48
rippl,48
bengaluru,48
facil,48
wage,48
keyword,48
climb,48
tougher,48
teach,48
gop,48
spring,48
pursuit,48
nadu,48
arabia,48
persuas,48
patient,48
malaysian,48
oneindia,48
interfac,47
ditch,47
overse,47
pinterest,47
uncov,47
templat,47
deactiv,47
dublin,47
nasdaq,47
danc,47
odd,47
master,47
shortli,47
embrac,47
quiet,47
recognis,47
enorm,47
widespread,47
smith,47
fairli,47
influenti,47
explos,47
everyday,47
flight,47
ontario,47
n,47
kolkata,47
render,47
dimens,47
massachusett,47
kremlin,47
grassley,47
convict,46
adob,46
virginia,46
auditor,46
upset,46
veer,46
kumaraswami,46
ethnic,46
joseph,46
flaw,46
offend,46
diamond,46
searchform,46
inch,46
lay,46
crack,46
reset,46
possess,46
amend,46
retir,46
beleav,46
rout,46
significantli,46
biz,46
jew,46
matthew,46
jeremi,46
blast,46
silent,46
trudeau,46
drag,46
kimbho,46
walden,46
chose,46
invok,46
themeslooptempl,46
personalis,45
deceiv,45
hadnt,45
columbia,45
hedg,45
slap,45
llp,45
outag,45
oath,45
nirmal,45
src,45
older,45
pic,45
revers,45
tast,45
toronto,45
revis,45
lean,45
slightli,45
intim,45
teenag,45
disagre,45
enemi,45
gst,45
uidai,45
suspens,45
fate,45
cnet,45
resist,45
gaza,45
seiz,45
sc,45
farmvil,45
hancock,45
hint,44
hall,44
ramadan,44
discoveri,44
contrast,44
hd,44
strait,44
dad,44
lago,44
md,44
phrase,44
ii,44
plane,44
bare,44
membership,44
transit,44
nd,44
explicitli,44
vision,44
comparison,44
predecessor,44
killer,44
certifi,44
labor,44
prosecut,44
hollywood,44
nomin,44
urgent,44
manni,44
assassin,44
tourism,44
klobuchar,44
cop,44
scan,44
boom,44
moscow,44
jazeera,44
disast,44
tayler,44
umno,44
arena,43
conclud,43
toll,43
plant,43
pb,43
embroil,43
wind,43
pace,43
vp,43
catastroph,43
nobodi,43
bag,43
credibl,43
bhatt,43
ghana,43
peer,43
deadlin,43
adjust,43
everywher,43
bang,43
ipad,43
whenev,43
obviou,43
addthi,43
heavili,43
amit,43
grewal,43
midterm,43
btn,43
soldier,43
encount,42
spirit,42
edt,42
chao,42
slot,42
mailchimp,42
asx,42
sb,42
hijack,42
airport,42
suddenli,42
regularli,42
ukrainian,42
tune,42
unlimit,42
courtesi,42
ridicul,42
uncomfort,42
latter,42
denial,42
scott,42
percept,42
compens,42
mega,42
forgot,42
simon,42
overhaul,42
minimum,42
caption,42
guilti,42
portray,42
jio,42
eric,42
bridg,42
motion,42
suck,42
perman,42
knowingli,42
rebekah,42
iraq,42
pt,42
bitcoin,42
vera,42
kairana,42
thune,42
hinduism,42
nocach,42
unknown,41
bankruptci,41
morgan,41
mile,41
junk,41
invent,41
anticip,41
outer,41
routin,41
horror,41
shine,41
cabl,41
refresh,41
scare,41
cab,41
sister,41
primarili,41
caution,41
masthead,41
thumbnail,41
ruto,41
random,41
domest,41
certif,41
assault,41
analyz,41
raid,41
procedur,41
asid,41
thread,41
kerala,41
ownership,41
benjamin,41
unauthor,41
compil,41
spin,41
plastic,41
dataset,41
complain,41
firestorm,41
snippet,41
mountain,41
oh,41
align,41
mandat,41
tel,41
admin,41
wellington,41
mahathir,41
crowd,40
hong,40
empti,40
sink,40
curb,40
clark,40
dislik,40
forget,40
harass,40
stab,40
condemn,40
van,40
censorship,40
rm,40
cabinet,40
trillion,40
endors,40
pair,40
string,40
tone,40
path,40
flipkart,40
bind,40
ticket,40
clip,40
blood,40
nice,40
magic,40
navbar,40
egypt,40
owe,40
biometr,40
legaci,40
commonwealth,40
blumenth,40
zero,40
janata,40
embassi,40
hiru,40
alderson,40
restor,39
forgotten,39
governor,39
beach,39
kong,39
chariti,39
unfold,39
fintech,39
bound,39
hell,39
ball,39
equip,39
rapidli,39
creepi,39
racist,39
circl,39
se,39
split,39
laugh,39
marri,39
tc,39
colour,39
lee,39
frustrat,39
bounti,39
ancient,39
rig,39
caribbean,39
microphon,39
wast,39
jr,39
ipl,39
neighbour,39
crude,39
pentagon,39
olymp,39
uncertainti,39
proper,39
westminst,39
pulseng,39
decept,39
preview,39
coach,39
shall,39
amass,39
zedo,39
tens,38
bob,38
privileg,38
seemingli,38
fool,38
facilit,38
undertak,38
pari,38
excit,38
eagl,38
prize,38
tweak,38
reiter,38
weatherzon,38
theyll,38
grindr,38
logic,38
congressman,38
upi,38
uproar,38
succeed,38
trader,38
skin,38
soccer,38
cell,38
treasuri,38
koski,38
minski,38
kevin,38
fighter,38
cofound,38
racism,38
kayod,38
husband,38
placehold,38
spinoff,38
larri,38
classic,38
sherman,38
bori,38
durbin,38
pmo,38
cum,38
compon,37
marketwatch,37
freeli,37
deeper,37
drew,37
rara,37
manchest,37
tonight,37
debacl,37
departur,37
arrow,37
champion,37
greg,37
outcri,37
franai,37
intervent,37
satisfi,37
admiss,37
op,37
buri,37
misl,37
strip,37
rumour,37
tower,37
idi,37
spain,37
hunter,37
chartbeat,37
librari,37
brittani,37
stanc,37
wozniak,37
notion,37
strang,37
throw,37
song,37
percentag,37
nick,37
grand,37
genuin,37
statist,37
gate,37
intel,37
mrec,37
plc,37
airlin,37
household,37
newsfe,37
myanmar,37
somehow,37
chuck,37
charl,37
myspac,37
levi,37
river,37
rbi,37
tyagi,37
innoc,36
baron,36
equival,36
stone,36
revisit,36
intrus,36
anniversari,36
hook,36
blind,36
turkey,36
attach,36
discrimin,36
savvi,36
concept,36
dip,36
incit,36
nonprofit,36
lowest,36
bike,36
boycott,36
bell,36
norm,36
bubbl,36
thumb,36
polar,36
dinesh,36
debut,36
slideshow,36
varieti,36
pound,36
iranian,36
confront,36
anymor,36
cision,36
orient,36
regardless,36
republ,36
nonsens,36
nri,36
astonish,36
ballot,36
marshal,36
diesel,36
brussel,36
obes,36
honor,36
refut,36
anna,36
firefox,36
licenc,36
campbel,36
provis,35
ami,35
drawn,35
besid,35
ab,35
fm,35
horrif,35
stick,35
chatbot,35
subsidiari,35
instant,35
thequint,35
rant,35
buzz,35
wrongli,35
gang,35
cool,35
len,35
incent,35
spectr,35
bunch,35
infiltr,35
telangana,35
unusu,35
fi,35
dorm,35
flash,35
advisori,35
till,35
infring,35
seed,35
trinidad,35
mock,35
outbrain,35
isi,35
telephon,35
fani,35
punish,35
scrollin,35
nitish,35
aussi,35
brag,35
alter,35
perfectli,34
rogu,34
wpcomwpfoot,34
elimin,34
greet,34
scari,34
arrang,34
jack,34
ipo,34
hors,34
evil,34
aap,34
specifi,34
gujarat,34
penetr,34
array,34
momentum,34
censor,34
problemat,34
rd,34
rsvp,34
bengal,34
antonio,34
burn,34
obvious,34
studio,34
http,34
kochhar,34
overturn,34
dell,34
portion,34
plug,34
learnt,34
exclud,34
fewer,34
absenc,34
alan,34
tighter,34
stir,34
partli,34
pac,34
laid,34
confess,34
najib,34
hast,34
stood,34
maryland,34
moham,34
fantasi,34
nolan,34
sieg,33
fifth,33
weaponis,33
barack,33
trace,33
contrari,33
specialist,33
sitecatalyst,33
marriag,33
huawei,33
supposedli,33
boundari,33
ladi,33
rage,33
jd,33
folk,33
hole,33
willingli,33
importantli,33
distinct,33
mutual,33
length,33
cri,33
preserv,33
friendli,33
flyer,33
twist,33
adzuna,33
behemoth,33
descript,33
paint,33
healthcar,33
chanda,33
meghan,33
ang,33
proud,33
jamaica,33
tobago,33
grappl,33
rein,33
injuri,33
uniform,33
chamber,33
relianc,33
antitrust,33
monetis,33
tea,33
blank,33
unaccept,33
falsehood,33
hyderabad,33
seeker,33
kushner,33
abod,33
gdp,33
dfp,33
ray,33
lewandowski,33
furi,32
soar,32
bush,32
portal,32
spoken,32
ipso,32
cold,32
broadli,32
terribl,32
discours,32
spur,32
kiosk,32
hindi,32
axe,32
journey,32
dubiou,32
desper,32
thrown,32
contin,32
nairobi,32
reel,32
iii,32
handshak,32
compel,32
radic,32
l,32
kanal,32
artist,32
bias,32
bite,32
wive,32
suspicion,32
snowden,32
somebodi,32
gay,32
marathon,32
pompeo,32
tank,32
silk,32
gap,32
weekday,32
filipino,32
escal,32
insult,32
urban,32
wine,32
crown,32
expo,32
coloni,32
convert,32
mb,32
flat,32
dummi,32
qatar,32
dress,32
uttar,32
ukip,32
pub,32
exam,32
patrick,32
victoria,32
tape,32
honour,32
loophol,32
outreach,32
stroz,32
technica,32
portalnorm,32
skripal,32
strori,32
vuukl,32
rafizi,32
incorpor,31
destruct,31
eras,31
julian,31
rebrand,31
fame,31
factori,31
portabl,31
maria,31
cycl,31
rebuild,31
pioneer,31
tini,31
swipe,31
dinner,31
queensland,31
clarif,31
reproduc,31
sitecensu,31
effici,31
fuell,31
ton,31
brutal,31
incumb,31
infra,31
cyberspac,31
offlin,31
stanford,31
takeaway,31
input,31
favorit,31
underscor,31
properli,31
spare,31
arguabl,31
ottawa,31
snake,31
stricter,31
format,31
diseas,31
male,31
weight,31
fade,31
aw,31
thomson,31
stem,31
wari,31
counterpart,31
tata,31
command,31
visitor,31
markl,31
skeptic,31
admir,31
drain,31
toni,31
dialogu,31
erupt,31
friendship,31
pink,31
hardest,31
backup,31
bootstrap,31
wetherspoon,31
comscor,31
adher,31
chill,31
chosen,31
xi,31
mum,31
dick,31
pvt,31
experienc,31
demon,31
lukoil,31
feinstein,31
friedberg,31
xmlnsoghttpogpmen,31
fallback,31
rebel,31
baba,31
png,31
hiv,31
rappler,31
premis,30
closur,30
spotifi,30
viewer,30
derri,30
chrome,30
nefari,30
eastern,30
calif,30
dedic,30
jkr,30
viru,30
interpret,30
export,30
ny,30
aris,30
itll,30
multi,30
recip,30
environment,30
aftermath,30
wash,30
loom,30
automat,30
mainli,30
subpoena,30
circumst,30
beef,30
formul,30
monetari,30
consensu,30
tick,30
everybodi,30
variabl,30
adequ,30
dissemin,30
lobbyist,30
suppress,30
heighten,30
approxim,30
warrior,30
reprint,30
indonesia,30
concret,30
cheap,30
rhetor,30
companyaposs,30
immens,30
hero,30
lib,30
beast,30
symbol,30
clever,30
uncertain,30
breakfast,30
passion,30
davi,30
jet,30
benchmark,30
barrel,30
lankan,30
sandi,30
partisan,30
boz,30
mo,30
kelli,30
jourova,30
petrona,30
bharatiya,30
sunris,30
brightcov,30
staffer,29
visual,29
fundrais,29
goldman,29
pool,29
embed,29
puzzl,29
favourit,29
mccabe,29
vodafon,29
optimist,29
civilis,29
customis,29
brisban,29
hama,29
nightmar,29
akhtar,29
populist,29
fastest,29
bread,29
crunch,29
contend,29
grace,29
postal,29
alien,29
noscript,29
impli,29
sum,29
concentr,29
class,29
unawar,29
divert,29
ibm,29
railway,29
bennett,29
maximum,29
pwc,29
remot,29
credenti,29
photographi,29
lo,29
patrol,29
wale,29
church,29
matthyss,29
divorc,29
evalu,29
keen,29
curat,29
versu,29
manila,29
stanley,29
hatr,29
occas,29
hitler,29
constantli,29
provoc,29
invercargil,29
knife,29
grey,29
aliv,29
jason,29
miner,29
fenc,29
taylor,29
illegitim,29
lite,29
ani,29
tragedi,29
nerv,29
ultra,29
covert,29
victor,29
italian,29
yr,29
pendenc,29
scapegoat,28
oak,28
blocker,28
outfit,28
clock,28
abid,28
princip,28
abroad,28
pure,28
weinstein,28
jose,28
pile,28
classful,28
zflagnid,28
zflagheight,28
weird,28
anc,28
blogger,28
pack,28
somewhat,28
quietli,28
mint,28
genet,28
pardon,28
kany,28
youd,28
mood,28
undesir,28
sharpli,28
nipah,28
hardli,28
mahindra,28
ocean,28
afghanistan,28
wifi,28
exempt,28
halt,28
somewher,28
stat,28
buffalo,28
composit,28
color,28
sir,28
fiction,28
lax,28
outdoor,28
shadowi,28
bollor,28
macron,28
cartel,28
await,28
prais,28
briant,28
winnipeg,28
uae,28
allpag,28
airbnb,28
ndp,28
milner,28
techcrunch,28
strictli,28
interf,28
elliot,28
spandana,28
novak,28
nn,28
xtra,28
limond,28
fraudul,27
coal,27
dodg,27
smarter,27
reid,27
tumblr,27
pin,27
tagdivcom,27
smear,27
liter,27
carol,27
engulf,27
guinea,27
cox,27
anchor,27
underli,27
liberti,27
autonom,27
tuticorin,27
entitl,27
defer,27
flip,27
actress,27
buck,27
ramp,27
grave,27
furiou,27
automot,27
wise,27
optimis,27
diet,27
rent,27
sexist,27
reviv,27
risen,27
nervou,27
bb,27
crise,27
funni,27
inconsist,27
deadli,27
clearer,27
accompani,27
roundup,27
strength,27
broadband,27
altogeth,27
shell,27
nuanc,27
stricten,27
loud,27
blew,27
camp,27
lord,27
misstep,27
swept,27
undertaken,27
characterist,27
latin,27
carolina,27
thiel,27
infam,27
wigmor,27
henc,27
ordinari,27
blackford,27
michigan,27
checker,27
poland,27
proven,27
categor,27
quantcast,27
gon,27
sooner,27
quora,27
fatal,27
stretch,27
metal,27
jennif,27
zip,27
smile,27
calm,27
iceberg,27
burr,27
pap,27
optu,27
ramdev,27
parkinson,27
tavakolian,27
jetpack,26
constant,26
businessman,26
embattl,26
newsquest,26
secondari,26
endur,26
limerick,26
ought,26
excel,26
troop,26
nest,26
steam,26
farhan,26
float,26
queen,26
pars,26
scholar,26
pipelin,26
specialis,26
voluntarili,26
formerli,26
regain,26
booster,26
dalla,26
bezo,26
isol,26
landscap,26
digest,26
dust,26
sad,26
clue,26
andi,26
walmart,26
height,26
wallet,26
subtl,26
quo,26
bargain,26
betray,26
speedcurv,26
lux,26
finanzennet,26
footprint,26
metadata,26
liabil,26
fri,26
etf,26
epa,26
juri,26
josh,26
bean,26
addtoani,26
struck,26
relief,26
behav,26
suicid,26
cei,26
deposit,26
inclin,26
fiasco,26
childhood,26
forthcom,26
glass,26
nab,26
villain,26
myth,26
hq,26
warm,26
ope,26
concis,26
mon,26
meth,26
conced,26
es,26
arron,26
eldon,26
stuck,26
oxford,26
ukrain,26
rugbi,26
miguna,26
epic,26
vpn,26
rope,26
ali,26
pen,26
shanmugam,26
titan,26
cia,26
gp,26
headphon,26
brad,26
northland,26
winter,26
frenkel,26
monet,26
yogi,26
scanner,26
elit,26
pocket,26
denounc,26
sergei,26
redmi,26
interstiti,26
invad,26
siddaramaiah,26
semit,26
in,25
ceas,25
nigel,25
hurrican,25
unemploy,25
msnbc,25
perceiv,25
ambit,25
beer,25
civilian,25
refuge,25
shake,25
hoover,25
cio,25
comb,25
remarket,25
disgrac,25
auction,25
vet,25
petit,25
rebecca,25
taught,25
steadi,25
architectur,25
ring,25
stole,25
elabor,25
upgrad,25
cfo,25
absurd,25
economist,25
sonam,25
lucr,25
tue,25
nfl,25
stagger,25
coffe,25
inflat,25
occasion,25
kit,25
preced,25
pension,25
argentina,25
methodolog,25
michal,25
utterli,25
tender,25
passport,25
shore,25
sam,25
thoma,25
livestream,25
sita,25
tube,25
exposur,25
virgin,25
whitepap,25
bofh,25
wi,25
wikileak,25
mla,25
hi,25
hatch,25
deadspin,25
blur,25
sight,25
hammer,25
slip,25
glean,25
punjab,25
countryregion,25
crackdown,25
eshoo,25
colorado,25
porn,25
itaposs,25
bother,25
frontier,25
po,25
culpa,25
markey,25
nodetwig,25
dirt,24
stranger,24
jackson,24
pedestrian,24
overlay,24
overnight,24
unlock,24
leap,24
spanish,24
andor,24
instrument,24
michel,24
fabric,24
veto,24
amidst,24
indulg,24
siphon,24
hail,24
defam,24
dub,24
hype,24
inclus,24
southeast,24
utilis,24
proxim,24
ford,24
ohara,24
realm,24
ideal,24
acceler,24
ec,24
microtarget,24
protocol,24
tier,24
younger,24
ecommerc,24
monster,24
replic,24
consumpt,24
mexican,24
bathroom,24
russel,24
slump,24
fax,24
ann,24
chop,24
temporarili,24
destini,24
cnw,24
junior,24
rapid,24
duke,24
logist,24
aviat,24
stun,24
espaol,24
holocaust,24
jurisdict,24
inherit,24
flew,24
epidem,24
haptik,24
sovereignti,24
schiff,24
glad,24
hungari,24
oracl,24
athlet,24
factual,24
ice,24
boat,24
bootnot,24
bsod,24
platinum,24
aluminum,24
deutsch,24
polish,24
remand,24
loos,24
lindsey,24
calcul,24
wellb,24
wan,24
vagu,24
misrepres,24
toleranceca,24
woo,24
dubai,24
tout,24
moto,24
jdu,24
asianag,24
alia,24
picturerel,24
mea,24
thecont,24
congresswoman,24
gene,23
briberi,23
breath,23
underway,23
zoom,23
accommod,23
bloc,23
rajan,23
dn,23
crush,23
barr,23
deport,23
tale,23
enact,23
intercept,23
yoast,23
weaken,23
ekiti,23
sadli,23
prevail,23
matur,23
windsor,23
distract,23
leisur,23
adapt,23
heel,23
murphi,23
drama,23
qa,23
comedi,23
tire,23
tencent,23
concert,23
similarli,23
academi,23
silver,23
wheel,23
overwhelm,23
te,23
brave,23
singaporean,23
steven,23
decreas,23
dear,23
repercuss,23
crypto,23
obsess,23
okay,23
disconnect,23
comm,23
newli,23
toy,23
peak,23
signatur,23
cape,23
arsen,23
fc,23
resembl,23
downplay,23
ceremoni,23
stillwel,23
affirm,23
dish,23
redistribut,23
woe,23
iowa,23
coincid,23
sturgeon,23
sweet,23
swift,23
cinema,23
discount,23
treasur,23
poverti,23
dragon,23
whatsoev,23
uniti,23
slurp,23
adversari,23
aluminium,23
kaplan,23
hugh,23
expel,23
qualifi,23
illus,23
celeb,23
macleod,23
pride,23
dylan,23
replay,23
breakthrough,23
parscal,23
discord,23
lujan,23
dem,23
tvnz,23
driverless,23
dev,23
opioid,23
infopag,23
nasion,23
idf,23
revamp,23
waterford,23
manipur,23
aliran,23
pe,23
botnet,23
avenu,22
sweep,22
glaser,22
buttarelli,22
axio,22
brook,22
printf,22
ko,22
mk,22
applianc,22
explod,22
emphasis,22
slowli,22
bundl,22
digg,22
mentor,22
mogul,22
dial,22
lengthi,22
adsens,22
prev,22
typetextjavascript,22
greec,22
grasp,22
sand,22
dorsey,22
pilot,22
existenti,22
groceri,22
feb,22
devis,22
harvey,22
fring,22
indi,22
taiwan,22
novel,22
endless,22
theyd,22
stern,22
vari,22
bat,22
highway,22
compliant,22
barrier,22
cfl,22
merg,22
austin,22
cbn,22
manual,22
earpiec,22
mugg,22
hennessi,22
contrit,22
obi,22
ear,22
sarah,22
rental,22
toxic,22
sharp,22
introduct,22
ubermenu,22
bisglbbisg,22
banker,22
stupid,22
selfi,22
taxat,22
carrier,22
persist,22
rewritten,22
angu,22
luqman,22
minnesota,22
rid,22
mz,22
georgia,22
layer,22
philip,22
posh,22
richest,22
unleash,22
fyi,22
sleep,22
liabl,22
fault,22
screenshot,22
accumul,22
dakota,22
satellit,22
booth,22
hypothet,22
geniu,22
narrow,22
diann,22
milk,22
gatton,22
bersatu,22
fa,22
soni,22
muresan,22
besar,22
mod,22
mc,22
itv,22
thornberri,22
sketch,22
supplier,21
scrambl,21
blackmail,21
inlin,21
workplac,21
commenc,21
sceptic,21
denni,21
haunt,21
plummet,21
anxieti,21
racial,21
bloombergquint,21
quint,21
kaur,21
willing,21
nationalist,21
msian,21
plea,21
afraid,21
brainstorm,21
lion,21
canon,21
cyberattack,21
sour,21
thorough,21
correl,21
adrot,21
tight,21
fingerprint,21
upper,21
rip,21
immun,21
bipartisan,21
malwar,21
panchayat,21
scientif,21
evolut,21
bird,21
volatil,21
airtel,21
expiri,21
infosi,21
raman,21
excess,21
steer,21
serial,21
holder,21
deem,21
forev,21
lend,21
bust,21
nkorea,21
laps,21
gbh,21
easter,21
wieser,21
lotto,21
glanc,21
evas,21
wood,21
throne,21
bitter,21
quell,21
olivi,21
offbeat,21
usersapo,21
basketbal,21
eq,21
petersburg,21
hypocrisi,21
indict,21
rajasthan,21
fascin,21
cloudi,21
poke,21
bio,21
av,21
carrey,21
breadcrumb,21
screw,21
terrifi,21
mortgag,21
jare,21
offenc,21
pregnant,21
lbc,21
tajani,21
tealium,21
discredit,21
takeout,21
kinja,21
clearfix,21
prep,21
girlfriend,21
irrespons,21
haryana,21
hamilton,21
gore,21
sinist,21
dive,21
naidu,21
ludicr,21
annoy,21
vogu,21
mandatori,21
loot,21
gordon,21
unnam,21
semi,21
abuja,21
menteri,21
surjewala,21
extinct,21
agit,21
blunt,21
dire,21
sdn,21
smartwatch,21
hegd,21
insolv,20
viabl,20
realist,20
mathi,20
inequ,20
turnov,20
identif,20
ebook,20
judici,20
cybercrim,20
forest,20
unfound,20
inspect,20
camanalytica,20
dissatisfi,20
supplement,20
dcm,20
phelan,20
disqu,20
ana,20
battlefield,20
augment,20
stumbleupon,20
clariti,20
firmli,20
merger,20
icc,20
uncl,20
mein,20
charcha,20
pammi,20
comedian,20
sama,20
trash,20
showcas,20
advocaci,20
egan,20
destin,20
joho,20
actionlin,20
consol,20
brit,20
foolish,20
temporari,20
exact,20
perpetu,20
pichai,20
promo,20
presum,20
concess,20
nod,20
mill,20
sudden,20
obscur,20
bulk,20
sing,20
lang,20
infect,20
irrelev,20
kathua,20
lauren,20
oregon,20
psychiatr,20
kriegel,20
ireann,20
sandeep,20
rmb,20
umano,20
tourist,20
sail,20
dave,20
sono,20
demo,20
fpj,20
phd,20
traffick,20
pharmaceut,20
lash,20
prejudic,20
plain,20
port,20
glasgow,20
alcohol,20
usb,20
thunder,20
phenomenon,20
errormessag,20
shoe,20
emma,20
homepag,20
prolifer,20
jordan,20
ferri,20
basebal,20
token,20
sma,20
wholesal,20
distinguish,20
authoritarian,20
retali,20
cfd,20
colombo,20
alt,20
rodrigo,20
seller,20
levin,20
questionnair,20
json,20
arab,20
bail,20
dual,20
taker,20
glacier,20
illicitli,20
nativ,20
guru,20
adityanath,20
roy,20
pakatan,20
eng,20
cyclist,20
autonomi,20
oval,20
swamp,20
dianomi,20
firstpost,20
diana,20
datuk,20
ovleno,20
reduct,20
over,20
evacu,20
ferrel,20
blocksystemtwig,20
kamloop,20
kudlow,20
manhattan,19
floor,19
arizona,19
prostitut,19
lilley,19
rain,19
story,19
keynot,19
joy,19
yellow,19
purport,19
vigil,19
migrant,19
relax,19
emiss,19
dup,19
architect,19
millionair,19
kate,19
mad,19
amp,19
transcript,19
canberra,19
retent,19
unlaw,19
ironi,19
sudhir,19
hamburg,19
toughest,19
bless,19
sushma,19
ranbir,19
crop,19
marc,19
dictat,19
erin,19
tiger,19
jacket,19
sh,19
wearabl,19
bold,19
output,19
surgeri,19
montreal,19
spiritu,19
grip,19
sundar,19
lament,19
pact,19
anytim,19
keith,19
onion,19
facto,19
down,19
smash,19
krux,19
expenditur,19
coleman,19
rough,19
snoop,19
radar,19
briefli,19
stumbl,19
raidi,19
teilif,19
sincer,19
feud,19
creed,19
leo,19
endz,19
atari,19
frankli,19
rethink,19
lgbt,19
tamper,19
jp,19
bulletin,19
rebound,19
lure,19
newsmak,19
trumpaposs,19
bin,19
meantim,19
setback,19
garner,19
outgo,19
lahor,19
afterward,19
nomine,19
plead,19
casualti,19
gilbert,19
wolf,19
exagger,19
cloth,19
cannabi,19
zynga,19
tt,19
spiral,19
wcdtd,19
complicit,19
prayer,19
dec,19
museum,19
qt,19
bombshel,19
boe,19
invis,19
ajax,19
punch,19
xmlnsfbhttpogpmensfb,19
unsubscrib,19
uphold,19
emili,19
accordingli,19
philosophi,19
reliabl,19
moreov,19
solar,19
humour,19
clinic,19
julia,19
bench,19
gross,19
benign,19
divya,19
subvert,19
warren,19
turnout,19
eager,19
barley,19
newsstand,19
untru,19
manifesto,19
pasqual,19
discriminatori,19
orang,19
ft,19
barisan,19
powel,19
analyticaaposs,19
abraham,19
ppbm,19
pak,19
smriti,19
gte,19
shortcut,19
ata,19
wbfo,19
briton,18
nevertheless,18
aaron,18
hawaii,18
refin,18
brilliant,18
shield,18
wherev,18
mitchel,18
vickeri,18
mini,18
regina,18
adder,18
bruis,18
mate,18
cavali,18
reconsid,18
headach,18
fx,18
dhoni,18
edgeprop,18
slider,18
elderli,18
swaraj,18
brace,18
minim,18
sec,18
zoo,18
voluntari,18
iaaf,18
kardashian,18
async,18
surrend,18
whilst,18
haul,18
extremist,18
swath,18
contemporari,18
suscept,18
pane,18
pincu,18
lucki,18
samantha,18
bangladesh,18
unregul,18
akin,18
fang,18
yeah,18
congratul,18
swap,18
taxpay,18
deepen,18
diari,18
nsa,18
interven,18
mistaken,18
ettech,18
undergo,18
captain,18
miller,18
supervis,18
oecd,18
sacramento,18
exceed,18
ubiquit,18
insert,18
popup,18
easton,18
oppo,18
meralco,18
arum,18
rumor,18
dot,18
unilev,18
dialog,18
cn,18
instantli,18
si,18
carbon,18
revolv,18
welfar,18
malta,18
hound,18
nato,18
myperson,18
ram,18
cellphon,18
evan,18
devot,18
glib,18
shomescom,18
srentalcom,18
sjobscom,18
horrifi,18
jean,18
sensor,18
garag,18
vacuum,18
outbreak,18
lede,18
fold,18
schmidt,18
github,18
robber,18
overcom,18
procur,18
bore,18
beacon,18
pal,18
stamp,18
merit,18
jsc,18
bizarr,18
singer,18
biotech,18
valuat,18
bloodstream,18
fairfax,18
civic,18
navi,18
idealist,18
sean,18
neck,18
kotaku,18
inventori,18
indigen,18
wield,18
oireachta,18
gutter,18
tobacco,18
postcard,18
shadi,18
unhappi,18
sanctiti,18
tabloid,18
tnp,18
ostens,18
dehay,18
cure,18
sheera,18
techgadget,18
boardroom,18
fought,18
warehous,18
otago,18
farrar,18
nail,18
cautiou,18
deduct,18
desert,18
aviv,18
null,18
zizal,18
gadkari,18
oceania,18
herd,18
dare,18
fred,18
irani,18
proprietari,18
marin,18
npci,18
orthodox,18
bartlett,18
rat,18
kpcc,18
fieldtwig,18
hefner,18
blah,18
gabb,18
securedrop,17
roller,17
coaster,17
annihil,17
inaugur,17
adchoic,17
missouri,17
sow,17
incorrect,17
underhand,17
parallel,17
bounc,17
metoo,17
berlin,17
witch,17
feet,17
landmark,17
mom,17
ascertain,17
arrog,17
jay,17
gaug,17
aspir,17
itweb,17
policymak,17
aso,17
nurs,17
triumph,17
telco,17
inher,17
constrain,17
geograph,17
cynic,17
provinc,17
brendan,17
gen,17
inabl,17
warburg,17
cousin,17
moor,17
nudg,17
reluct,17
wherea,17
backfir,17
litig,17
forth,17
charm,17
href,17
arvind,17
asylum,17
waiver,17
rcom,17
cto,17
dupe,17
sheriff,17
mercuri,17
safer,17
bs,17
damn,17
shrug,17
forgiv,17
fat,17
alabama,17
commerzbank,17
fr,17
carousel,17
enquiri,17
gloriou,17
gateway,17
ola,17
vox,17
kay,17
represent,17
gbp,17
kara,17
medicin,17
uganda,17
throat,17
salman,17
comic,17
appal,17
edinburgh,17
preload,17
graft,17
priorit,17
disciplin,17
patent,17
shakespear,17
sheer,17
nitin,17
sim,17
occupi,17
vacat,17
angela,17
slash,17
badli,17
sick,17
stare,17
carpet,17
scourg,17
connecticut,17
crook,17
ounc,17
authorit,17
retrospect,17
slice,17
forex,17
patanjali,17
cadwalladr,17
branch,17
motto,17
orchestr,17
dissent,17
chandrachud,17
milit,17
ambiti,17
grade,17
sullivan,17
launder,17
kiwi,17
correctli,17
ken,17
panic,17
oct,17
adnew,17
henri,17
likewis,17
scammer,17
skeleton,17
mcname,17
widen,17
cam,17
paedophil,17
drastic,17
funer,17
rnz,17
linescor,17
xmlnscontent,17
xmlnsdc,17
xmlnsfoaf,17
xmlnsrdf,17
xmlnssioc,17
xmlnssioct,17
xmlnssko,17
xmlnsxsd,17
pervas,17
tamimi,17
tan,17
